"Ref","Value","Footprint","Datasheet","Manufacturer","Vendor","PN"
"C1","10UF","Capacitor_SMD:C_1206_3216Metric","~","","","CL31B106KAHNFNE"
"C2","100u","Capacitor_THT:CP_Radial_D8.0mm_P3.50mm","~","","","EEH-AZF1V101B"
"C3","C","Capacitor_THT:CP_Radial_D6.3mm_P2.50mm","~","","","A758EK107M1AAAE016"
"C4","100u","Capacitor_THT:CP_Radial_D6.3mm_P2.50mm","~","","","A758EK107M1AAAE016"
"C5","100u","Capacitor_THT:CP_Radial_D6.3mm_P2.50mm","~","","","A758EK107M1AAAE016"
"C6","10UF","Capacitor_SMD:C_1206_3216Metric","~","","","CL31B106KAHNFNE"
"C7","10UF","Capacitor_SMD:C_1206_3216Metric","~","","","CL31B106KAHNFNE"
"C8","4700pF","Capacitor_SMD:C_0603_1608Metric","~","","","CGA3E2C0G1H472J080AA"
"D1","SS16MH","Footprints:SODFL2512X73N","","","","SS16MH"
"D2","SS16MH","Footprints:SODFL2512X73N","","","","SS16MH"
"D3","SS16MH","Footprints:SODFL2512X73N","","","","SS16MH"
"D4","SS16MH","Footprints:SODFL2512X73N","","","","SS16MH"
"D5","SS16MH","Footprints:SODFL2512X73N","","","","SS16MH"
"D6","SS16MH","Footprints:SODFL2512X73N","","","","SS16MH"
"D7","SS16MH","Footprints:SODFL2512X73N","","","","SS16MH"
"D8","SS16MH","Footprints:SODFL2512X73N","","","","SS16MH"
"D9","SS16MH","Footprints:SODFL2512X73N","","","","SS16MH"
"D10","SS16MH","Footprints:SODFL2512X73N","","","","SS16MH"
"D11","SS16MH","Footprints:SODFL2512X73N","","","","SS16MH"
"D12","SS16MH","Footprints:SODFL2512X73N","","","","SS16MH"
"D13","ATV02W240B","Diode_SMD:D_SOD-123FAC","","","","ATV02W240B"
"D14","ATV02W240B","Footprints:SODFL2512X73N","","","","ATV02W240B"
"D15","ATV02W240B","Diode_SMD:D_SOD-123FAC","","","","ATV02W240B"
"D16","ATV02W240B","Footprints:SODFL2512X73N","","","","ATV02W240B"
"D17","SS16MH","Footprints:SODFL2512X73N","","","","SS16MH"
"D18","SS16MH","Footprints:SODFL2512X73N","","","","SS16MH"
"D19","SS16MH","Footprints:SODFL2512X73N","","","","SS16MH"
"D20","SS16MH","Footprints:SODFL2512X73N","","","","SS16MH"
"D21","ATV02W240B","Footprints:SODFL2512X73N","","","","ATV02W240B"
"D22","ATV02W240B","Footprints:SODFL2512X73N","","","","ATV02W240B"
"D23","ATV02W240B","Footprints:SODFL2512X73N","","","","ATV02W240B"
"D24","ATV02W240B","Footprints:SODFL2512X73N","","","","ATV02W240B"
"D25","ATV02W240B","Footprints:SODFL2512X73N","","","","ATV02W240B"
"D26","ATV02W240B","Footprints:SODFL2512X73N","","","","ATV02W240B"
"IC1","MCP2561FD-E/P ","Package_DIP:DIP-8_W7.62mm_LongPads","","","","MCP2561FD-E/P"
"J1","1727078","PHOENIX_1727078","","","","1727078"
"J2","1727078","PHOENIX_1727078","","","","1727078"
"J3","1727078","PHOENIX_1727078","","","","1727078"
"J4","1727078","PHOENIX_1727078","","","","1727078"
"J5","4-1437652-0","TE_4-1437652-0","","","","4-1437652-0"
"J6","Conn_01x02_Male","Connector_PinHeader_2.54mm:PinHeader_1x02_P2.54mm_Vertical","~","","","22284020"
"J7","Conn_01x02_Male","Connector_PinHeader_2.54mm:PinHeader_1x02_P2.54mm_Vertical","~","","","22284020"
"J8","54602-908LF","Footprints:AMPHENOL_54602-908LF","","","","54602-908LF"
"J9","54602-908LF","Footprints:AMPHENOL_54602-908LF","","","","54602-908LF"
"J10","Conn_01x02_Male","Connector_PinHeader_2.54mm:PinHeader_1x02_P2.54mm_Vertical","~","","","22284020"
"J11","Conn_01x02_Male","Connector_PinHeader_2.54mm:PinHeader_1x02_P2.54mm_Vertical","~","","","22284020"
"J12","284392-2","Footprints:TE_284392-2","","","","284392-2"
"Q1","EPC2014C","TRANS_EPC2014C","","","","EPC2014C"
"Q2","EPC2014C","TRANS_EPC2014C","","","","EPC2014C"
"Q3","EPC2014C","TRANS_EPC2014C","","","","EPC2014C"
"Q4","EPC2014C","TRANS_EPC2014C","","","","EPC2014C"
"Q5","EPC2014C","TRANS_EPC2014C","","","","EPC2014C"
"Q6","EPC2014C","TRANS_EPC2014C","","","","EPC2014C"
"Q7","EPC2014C","TRANS_EPC2014C","","","","EPC2014C"
"Q8","EPC2014C","TRANS_EPC2014C","","","","EPC2014C"
"R1","1K","Resistor_SMD:R_0805_2012Metric","~","","","RMCF0805JT1K00"
"R2","1K","Resistor_SMD:R_0805_2012Metric","~","","","RMCF0805JT1K00"
"R3","1K","Resistor_SMD:R_0805_2012Metric","~","","","RMCF0805JT1K00"
"R4","22K","Resistor_SMD:R_0805_2012Metric","~","","","RMCF0805JT22K0"
"R5","22K","Resistor_SMD:R_0805_2012Metric","~","","","RMCF0805JT22K0"
"R6","22K","Resistor_SMD:R_0805_2012Metric","~","","","RMCF0805JT22K0"
"R7","1K","Resistor_SMD:R_0805_2012Metric","~","","","RMCF0805JT1K00"
"R8","1K","Resistor_SMD:R_0805_2012Metric","~","","","RMCF0805JT1K00"
"R9","1K","Resistor_SMD:R_0805_2012Metric","~","","","RMCF0805JT1K00"
"R10","1K","Resistor_SMD:R_0805_2012Metric","~","","","RMCF0805JT1K00"
"R11","1K","Resistor_SMD:R_0805_2012Metric","~","","","RMCF0805JT1K00"
"R12","1K","Resistor_SMD:R_0805_2012Metric","~","","","RMCF0805JT1K00"
"R13","1K","Resistor_SMD:R_0805_2012Metric","~","","","RMCF0805JT1K00"
"R14","22K","Resistor_SMD:R_0805_2012Metric","~","","","RMCF0805JT22K0"
"R15","22K","Resistor_SMD:R_0805_2012Metric","~","","","RMCF0805JT22K0"
"R16","22K","Resistor_SMD:R_0805_2012Metric","~","","","RMCF0805JT22K0"
"R17","300R","Resistor_SMD:R_0805_2012Metric","~","","","RMCF0805JT300R"
"R18","1K","Resistor_SMD:R_0805_2012Metric","~","","","RMCF0805JT1K00"
"R19","1K","Resistor_SMD:R_0805_2012Metric","~","","","RMCF0805JT1K00"
"R20","1K","Resistor_SMD:R_0805_2012Metric","~","","","RMCF0805JT1K00"
"R21","1K","Resistor_SMD:R_0805_2012Metric","~","","","RMCF0805JT1K00"
"R22","300R","Resistor_SMD:R_0805_2012Metric","~","","","RMCF0805JT300R"
"R23","300R","Resistor_SMD:R_0805_2012Metric","~","","","RMCF0805JT300R"
"R24","60R","Resistor_SMD:R_0805_2012Metric","~","","","RMCF0805JT60R0"
"R25","4.7K","Resistor_SMD:R_0805_2012Metric","~","","","RMCF0805JT4K70"
"R26","1K","Resistor_SMD:R_0805_2012Metric","~","","","RMCF0805JT1K00"
"R27","4.7K","Resistor_SMD:R_0805_2012Metric","~","","","RMCF0805JT4K70"
"R28","1K","Resistor_SMD:R_0805_2012Metric","~","","","RMCF0805JT1K00"
"R29","60R","Resistor_SMD:R_0805_2012Metric","~","","","RMCF0805JT60R0"
"U1","FREESOC_MINI","Package_DIP:DIP-40_W15.24mm_Socket_LongPads","","","","110-87-640-41-001101 "
"U2","74HCT541","Package_DIP:DIP-20_W7.62mm_LongPads","http://www.ti.com/lit/gpn/sn74HCT541","","","CD74ACT541EE4"
"U3","VX7805-500","Footprints:VX78012-500_VX7805-500","","","","VX7805-500"
"U4","H11L1SR2M","Footprints:IC_H11L1SR2M","","","","H11L1SR2M"
"U5","H11L1SR2M","Footprints:IC_H11L1SR2M","","","","H11L1SR2M"
"Y1","ECS-3961-240-AU-TR","Footprints:OSC_ECS-3961-240-AU-TR","","","","ECS-3961-240-AU-TR"
